/*
 Navicat Premium Data Transfer

 Source Server         : mysql
 Source Server Type    : MySQL
 Source Server Version : 50623
 Source Host           : localhost
 Source Database       : springsecurityoauth2server

 Target Server Type    : MySQL
 Target Server Version : 50623
 File Encoding         : utf-8

 Date: 05/22/2015 14:45:58 PM
*/

SET NAMES utf8;
SET FOREIGN_KEY_CHECKS = 0;

-- ----------------------------
--  Table structure for `oauth_access_token`
-- ----------------------------
DROP TABLE IF EXISTS `oauth_access_token`;
CREATE TABLE `oauth_access_token` (
  `token_id` varchar(255) NOT NULL,
  `token` blob,
  `authentication_id` varchar(255) NOT NULL,
  `user_name` varchar(255) NOT NULL,
  `client_id` varchar(255) NOT NULL,
  `authentication` blob,
  `refresh_token` varchar(255) DEFAULT NULL,
  PRIMARY KEY (`token_id`),
  KEY `refresh_token` (`refresh_token`)
) ENGINE=InnoDB DEFAULT CHARSET=utf8;

-- ----------------------------
--  Records of `oauth_access_token`
-- ----------------------------
BEGIN;
INSERT INTO `oauth_access_token` VALUES ('7c85aa772f06ee3192947c08ef7f632b', 0xaced0005737200436f72672e737072696e676672616d65776f726b2e73656375726974792e6f61757468322e636f6d6d6f6e2e44656661756c744f4175746832416363657373546f6b656e0cb29e361b24face0200064c00156164646974696f6e616c496e666f726d6174696f6e74000f4c6a6176612f7574696c2f4d61703b4c000a65787069726174696f6e7400104c6a6176612f7574696c2f446174653b4c000c72656672657368546f6b656e74003f4c6f72672f737072696e676672616d65776f726b2f73656375726974792f6f61757468322f636f6d6d6f6e2f4f417574683252656672657368546f6b656e3b4c000573636f706574000f4c6a6176612f7574696c2f5365743b4c0009746f6b656e547970657400124c6a6176612f6c616e672f537472696e673b4c000576616c756571007e000578707372001e6a6176612e7574696c2e436f6c6c656374696f6e7324456d7074794d6170593614855adce7d002000078707372000e6a6176612e7574696c2e44617465686a81014b597419030000787077080000014d7cc0c654787372004c6f72672e737072696e676672616d65776f726b2e73656375726974792e6f61757468322e636f6d6d6f6e2e44656661756c744578706972696e674f417574683252656672657368546f6b656e2fdf47639dd0c9b70200014c000a65787069726174696f6e71007e0002787200446f72672e737072696e676672616d65776f726b2e73656375726974792e6f61757468322e636f6d6d6f6e2e44656661756c744f417574683252656672657368546f6b656e73e10e0a6354d45e0200014c000576616c756571007e0005787074002437663765393765342d343264652d343333372d393865312d3638386430623833336663367371007e000977080000014d7d595cd278737200256a6176612e7574696c2e436f6c6c656374696f6e7324556e6d6f6469666961626c65536574801d92d18f9b80550200007872002c6a6176612e7574696c2e436f6c6c656374696f6e7324556e6d6f6469666961626c65436f6c6c656374696f6e19420080cb5ef71e0200014c0001637400164c6a6176612f7574696c2f436f6c6c656374696f6e3b7870737200176a6176612e7574696c2e4c696e6b656448617368536574d86cd75a95dd2a1e020000787200116a6176612e7574696c2e48617368536574ba44859596b8b7340300007870770c000000103f400000000000027400047265616474000577726974657874000662656172657274002463346265313336372d396630332d343231392d383261342d396362613930326662616361, '578e2a355d165ba24732043b788db7e6', 'admin', 'test', 0xaced0005737200416f72672e737072696e676672616d65776f726b2e73656375726974792e6f61757468322e70726f76696465722e4f417574683241757468656e7469636174696f6ebd400b02166252130200024c000d73746f7265645265717565737474003c4c6f72672f737072696e676672616d65776f726b2f73656375726974792f6f61757468322f70726f76696465722f4f4175746832526571756573743b4c00127573657241757468656e7469636174696f6e7400324c6f72672f737072696e676672616d65776f726b2f73656375726974792f636f72652f41757468656e7469636174696f6e3b787200476f72672e737072696e676672616d65776f726b2e73656375726974792e61757468656e7469636174696f6e2e416273747261637441757468656e7469636174696f6e546f6b656ed3aa287e6e47640e0200035a000d61757468656e746963617465644c000b617574686f7269746965737400164c6a6176612f7574696c2f436f6c6c656374696f6e3b4c000764657461696c737400124c6a6176612f6c616e672f4f626a6563743b787000737200266a6176612e7574696c2e436f6c6c656374696f6e7324556e6d6f6469666961626c654c697374fc0f2531b5ec8e100200014c00046c6973747400104c6a6176612f7574696c2f4c6973743b7872002c6a6176612e7574696c2e436f6c6c656374696f6e7324556e6d6f6469666961626c65436f6c6c656374696f6e19420080cb5ef71e0200014c00016371007e00047870737200136a6176612e7574696c2e41727261794c6973747881d21d99c7619d03000149000473697a657870000000027704000000027372002d636f6d2e64656d6f2e537072696e674f41757468325365727665722e646f6d61696e2e55736572496e666f243137791a8b676dc35c0200024c000674686973243074002d4c636f6d2f64656d6f2f537072696e674f41757468325365727665722f646f6d61696e2f55736572496e666f3b4c000876616c24726f6c657400294c636f6d2f64656d6f2f537072696e674f41757468325365727665722f646f6d61696e2f526f6c653b78707372002b636f6d2e64656d6f2e537072696e674f41757468325365727665722e646f6d61696e2e55736572496e666fa61fca655e8e845102000649000269644900067374617475734c0004646573637400124c6a6176612f6c616e672f537472696e673b4c00046e616d6571007e00124c000870617373776f726471007e00124c0005726f6c657371007e000878700000000100000001740009e7aea1e79086e5919874000561646d696e74002063656234663332333235656461363134326264363532313566346330663337317371007e000b0000000277040000000273720027636f6d2e64656d6f2e537072696e674f41757468325365727665722e646f6d61696e2e526f6c659f9468f82a3c08d402000349000269644c00046465736371007e00124c00046e616d6571007e001278700000000174000fe7aea1e79086e59198e8a792e889b274000a524f4c455f41444d494e7371007e00180000000274000ce794a8e688b7e8a792e889b2740009524f4c455f555345527871007e00197371007e000d71007e001371007e001c7871007e000c707372003a6f72672e737072696e676672616d65776f726b2e73656375726974792e6f61757468322e70726f76696465722e4f41757468325265717565737400000000000000010200075a0008617070726f7665644c000b617574686f72697469657371007e00044c000a657874656e73696f6e7374000f4c6a6176612f7574696c2f4d61703b4c000b726564697265637455726971007e00124c00077265667265736874003b4c6f72672f737072696e676672616d65776f726b2f73656375726974792f6f61757468322f70726f76696465722f546f6b656e526571756573743b4c000b7265736f7572636549647374000f4c6a6176612f7574696c2f5365743b4c000d726573706f6e7365547970657371007e0023787200386f72672e737072696e676672616d65776f726b2e73656375726974792e6f61757468322e70726f76696465722e426173655265717565737436287a3ea37169bd0200034c0008636c69656e74496471007e00124c001172657175657374506172616d657465727371007e00214c000573636f706571007e0023787074000474657374737200256a6176612e7574696c2e436f6c6c656374696f6e7324556e6d6f6469666961626c654d6170f1a5a8fe74f507420200014c00016d71007e002178707371007e00277371007e00277371007e0027737200116a6176612e7574696c2e486173684d61700507dac1c31660d103000246000a6c6f6164466163746f724900097468726573686f6c6478703f4000000000000c77080000001000000006740004636f646574000651567a65666474000a6772616e745f74797065740012617574686f72697a6174696f6e5f636f646574000d726573706f6e73655f74797065740004636f646574000c72656469726563745f75726974000f687474703a2f2f746573742e636f6d74000d636c69656e745f73656372657474000474657374740009636c69656e745f69647400047465737478737200256a6176612e7574696c2e436f6c6c656374696f6e7324556e6d6f6469666961626c65536574801d92d18f9b80550200007871007e0009737200176a6176612e7574696c2e4c696e6b656448617368536574d86cd75a95dd2a1e020000787200116a6176612e7574696c2e48617368536574ba44859596b8b7340300007870770c000000103f4000000000000274000472656164740005777269746578017371007e003d770c000000103f40000000000001737200426f72672e737072696e676672616d65776f726b2e73656375726974792e636f72652e617574686f726974792e53696d706c654772616e746564417574686f7269747900000000000001400200014c0004726f6c6571007e0012787074000b524f4c455f434c49454e54787371007e002c3f40000000000000770800000010000000007874000f687474703a2f2f746573742e636f6d737200396f72672e737072696e676672616d65776f726b2e73656375726974792e6f61757468322e70726f76696465722e546f6b656e52657175657374d62a84b8cf38f8010200014c00096772616e745479706571007e00127871007e0024740004746573747371007e0027737200176a6176612e7574696c2e4c696e6b6564486173684d617034c04e5c106cc0fb0200015a000b6163636573734f726465727871007e002c3f400000000000067708000000080000000474000a6772616e745f7479706574000d726566726573685f746f6b656e740009636c69656e745f696471007e004974000d636c69656e745f7365637265747400047465737474000d726566726573685f746f6b656e74002465373835393838332d343461352d346664342d386636382d39626237343438623035636478007371007e003a7371007e003c770c000000103f400000000000007871007e004e737200116a6176612e7574696c2e54726565536574dd98509395ed875b03000078707077040000000174000a7265736f757263655f31787371007e003d770c000000103f4000000000000171007e0033787372004f6f72672e737072696e676672616d65776f726b2e73656375726974792e61757468656e7469636174696f6e2e557365726e616d6550617373776f726441757468656e7469636174696f6e546f6b656e00000000000001400200024c000b63726564656e7469616c7371007e00054c00097072696e636970616c71007e00057871007e0003017371007e00077371007e000b0000000277040000000271007e001071007e001f7871007e005d737200486f72672e737072696e676672616d65776f726b2e73656375726974792e7765622e61757468656e7469636174696f6e2e57656241757468656e7469636174696f6e44657461696c7300000000000001400200024c000d72656d6f74654164647265737371007e00124c000973657373696f6e496471007e0012787074000f303a303a303a303a303a303a303a31707071007e0013, 'e8ef09d704c8a35ec7f75a1a2d1f6343');
COMMIT;

-- ----------------------------
--  Table structure for `oauth_client_details`
-- ----------------------------
DROP TABLE IF EXISTS `oauth_client_details`;
CREATE TABLE `oauth_client_details` (
  `resource_ids` varchar(255) CHARACTER SET utf8 COLLATE utf8_bin NOT NULL,
  `client_secret` varchar(255) CHARACTER SET utf8 COLLATE utf8_bin NOT NULL,
  `client_id` varchar(255) CHARACTER SET utf8 COLLATE utf8_bin NOT NULL,
  `scope` varchar(255) CHARACTER SET utf8 COLLATE utf8_bin NOT NULL,
  `authorized_grant_types` varchar(255) CHARACTER SET utf8 COLLATE utf8_bin NOT NULL,
  `web_server_redirect_uri` varchar(255) CHARACTER SET utf8 COLLATE utf8_bin NOT NULL,
  `authorities` varchar(255) CHARACTER SET utf8 COLLATE utf8_bin NOT NULL,
  `access_token_validity` int(255) NOT NULL,
  `refresh_token_validity` int(255) NOT NULL,
  `additional_information` varchar(255) CHARACTER SET utf8 COLLATE utf8_bin DEFAULT NULL,
  `autoapprove` varchar(255) CHARACTER SET utf8 COLLATE utf8_bin NOT NULL,
  PRIMARY KEY (`client_id`)
) ENGINE=InnoDB DEFAULT CHARSET=utf8;

-- ----------------------------
--  Records of `oauth_client_details`
-- ----------------------------
BEGIN;
INSERT INTO `oauth_client_details` VALUES ('resource_1', 'test', 'test', 'read,write', 'password,authorization_code,refresh_token', 'http://test.com', 'ROLE_CLIENT', '40000', '50000', '{\"desc\":\"eeee\"}', 'true');
COMMIT;

-- ----------------------------
--  Table structure for `oauth_refresh_token`
-- ----------------------------
DROP TABLE IF EXISTS `oauth_refresh_token`;
CREATE TABLE `oauth_refresh_token` (
  `token_id` varchar(255) NOT NULL,
  `token` blob NOT NULL,
  `authentication` blob,
  PRIMARY KEY (`token_id`),
  CONSTRAINT `resfres_token_id` FOREIGN KEY (`token_id`) REFERENCES `oauth_access_token` (`refresh_token`) ON DELETE CASCADE ON UPDATE CASCADE
) ENGINE=InnoDB DEFAULT CHARSET=utf8;

-- ----------------------------
--  Records of `oauth_refresh_token`
-- ----------------------------
BEGIN;
INSERT INTO `oauth_refresh_token` VALUES ('e8ef09d704c8a35ec7f75a1a2d1f6343', 0xaced00057372004c6f72672e737072696e676672616d65776f726b2e73656375726974792e6f61757468322e636f6d6d6f6e2e44656661756c744578706972696e674f417574683252656672657368546f6b656e2fdf47639dd0c9b70200014c000a65787069726174696f6e7400104c6a6176612f7574696c2f446174653b787200446f72672e737072696e676672616d65776f726b2e73656375726974792e6f61757468322e636f6d6d6f6e2e44656661756c744f417574683252656672657368546f6b656e73e10e0a6354d45e0200014c000576616c75657400124c6a6176612f6c616e672f537472696e673b787074002437663765393765342d343264652d343333372d393865312d3638386430623833336663367372000e6a6176612e7574696c2e44617465686a81014b597419030000787077080000014d7d595cd278, 0xaced0005737200416f72672e737072696e676672616d65776f726b2e73656375726974792e6f61757468322e70726f76696465722e4f417574683241757468656e7469636174696f6ebd400b02166252130200024c000d73746f7265645265717565737474003c4c6f72672f737072696e676672616d65776f726b2f73656375726974792f6f61757468322f70726f76696465722f4f4175746832526571756573743b4c00127573657241757468656e7469636174696f6e7400324c6f72672f737072696e676672616d65776f726b2f73656375726974792f636f72652f41757468656e7469636174696f6e3b787200476f72672e737072696e676672616d65776f726b2e73656375726974792e61757468656e7469636174696f6e2e416273747261637441757468656e7469636174696f6e546f6b656ed3aa287e6e47640e0200035a000d61757468656e746963617465644c000b617574686f7269746965737400164c6a6176612f7574696c2f436f6c6c656374696f6e3b4c000764657461696c737400124c6a6176612f6c616e672f4f626a6563743b787000737200266a6176612e7574696c2e436f6c6c656374696f6e7324556e6d6f6469666961626c654c697374fc0f2531b5ec8e100200014c00046c6973747400104c6a6176612f7574696c2f4c6973743b7872002c6a6176612e7574696c2e436f6c6c656374696f6e7324556e6d6f6469666961626c65436f6c6c656374696f6e19420080cb5ef71e0200014c00016371007e00047870737200136a6176612e7574696c2e41727261794c6973747881d21d99c7619d03000149000473697a657870000000027704000000027372002d636f6d2e64656d6f2e537072696e674f41757468325365727665722e646f6d61696e2e55736572496e666f243137791a8b676dc35c0200024c000674686973243074002d4c636f6d2f64656d6f2f537072696e674f41757468325365727665722f646f6d61696e2f55736572496e666f3b4c000876616c24726f6c657400294c636f6d2f64656d6f2f537072696e674f41757468325365727665722f646f6d61696e2f526f6c653b78707372002b636f6d2e64656d6f2e537072696e674f41757468325365727665722e646f6d61696e2e55736572496e666fa61fca655e8e845102000649000269644900067374617475734c0004646573637400124c6a6176612f6c616e672f537472696e673b4c00046e616d6571007e00124c000870617373776f726471007e00124c0005726f6c657371007e000878700000000100000001740009e7aea1e79086e5919874000561646d696e74002063656234663332333235656461363134326264363532313566346330663337317371007e000b0000000277040000000273720027636f6d2e64656d6f2e537072696e674f41757468325365727665722e646f6d61696e2e526f6c659f9468f82a3c08d402000349000269644c00046465736371007e00124c00046e616d6571007e001278700000000174000fe7aea1e79086e59198e8a792e889b274000a524f4c455f41444d494e7371007e00180000000274000ce794a8e688b7e8a792e889b2740009524f4c455f555345527871007e00197371007e000d71007e001371007e001c7871007e000c707372003a6f72672e737072696e676672616d65776f726b2e73656375726974792e6f61757468322e70726f76696465722e4f41757468325265717565737400000000000000010200075a0008617070726f7665644c000b617574686f72697469657371007e00044c000a657874656e73696f6e7374000f4c6a6176612f7574696c2f4d61703b4c000b726564697265637455726971007e00124c00077265667265736874003b4c6f72672f737072696e676672616d65776f726b2f73656375726974792f6f61757468322f70726f76696465722f546f6b656e526571756573743b4c000b7265736f7572636549647374000f4c6a6176612f7574696c2f5365743b4c000d726573706f6e7365547970657371007e0023787200386f72672e737072696e676672616d65776f726b2e73656375726974792e6f61757468322e70726f76696465722e426173655265717565737436287a3ea37169bd0200034c0008636c69656e74496471007e00124c001172657175657374506172616d657465727371007e00214c000573636f706571007e0023787074000474657374737200256a6176612e7574696c2e436f6c6c656374696f6e7324556e6d6f6469666961626c654d6170f1a5a8fe74f507420200014c00016d71007e002178707371007e00277371007e00277371007e0027737200116a6176612e7574696c2e486173684d61700507dac1c31660d103000246000a6c6f6164466163746f724900097468726573686f6c6478703f4000000000000c77080000001000000006740004636f646574000651567a65666474000a6772616e745f74797065740012617574686f72697a6174696f6e5f636f646574000d726573706f6e73655f74797065740004636f646574000c72656469726563745f75726974000f687474703a2f2f746573742e636f6d74000d636c69656e745f73656372657474000474657374740009636c69656e745f69647400047465737478737200256a6176612e7574696c2e436f6c6c656374696f6e7324556e6d6f6469666961626c65536574801d92d18f9b80550200007871007e0009737200176a6176612e7574696c2e4c696e6b656448617368536574d86cd75a95dd2a1e020000787200116a6176612e7574696c2e48617368536574ba44859596b8b7340300007870770c000000103f4000000000000274000472656164740005777269746578017371007e003d770c000000103f40000000000001737200426f72672e737072696e676672616d65776f726b2e73656375726974792e636f72652e617574686f726974792e53696d706c654772616e746564417574686f7269747900000000000001400200014c0004726f6c6571007e0012787074000b524f4c455f434c49454e54787371007e002c3f40000000000000770800000010000000007874000f687474703a2f2f746573742e636f6d737200396f72672e737072696e676672616d65776f726b2e73656375726974792e6f61757468322e70726f76696465722e546f6b656e52657175657374d62a84b8cf38f8010200014c00096772616e745479706571007e00127871007e0024740004746573747371007e0027737200176a6176612e7574696c2e4c696e6b6564486173684d617034c04e5c106cc0fb0200015a000b6163636573734f726465727871007e002c3f400000000000067708000000080000000474000a6772616e745f7479706574000d726566726573685f746f6b656e740009636c69656e745f696471007e004974000d636c69656e745f7365637265747400047465737474000d726566726573685f746f6b656e74002465373835393838332d343461352d346664342d386636382d39626237343438623035636478007371007e003a7371007e003c770c000000103f400000000000007871007e004e737200116a6176612e7574696c2e54726565536574dd98509395ed875b03000078707077040000000174000a7265736f757263655f31787371007e003d770c000000103f4000000000000171007e0033787372004f6f72672e737072696e676672616d65776f726b2e73656375726974792e61757468656e7469636174696f6e2e557365726e616d6550617373776f726441757468656e7469636174696f6e546f6b656e00000000000001400200024c000b63726564656e7469616c7371007e00054c00097072696e636970616c71007e00057871007e0003017371007e00077371007e000b0000000277040000000271007e001071007e001f7871007e005d737200486f72672e737072696e676672616d65776f726b2e73656375726974792e7765622e61757468656e7469636174696f6e2e57656241757468656e7469636174696f6e44657461696c7300000000000001400200024c000d72656d6f74654164647265737371007e00124c000973657373696f6e496471007e0012787074000f303a303a303a303a303a303a303a31707071007e0013);
COMMIT;

-- ----------------------------
--  Table structure for `resc`
-- ----------------------------
DROP TABLE IF EXISTS `resc`;
CREATE TABLE `resc` (
  `id` int(11) NOT NULL,
  `name` varchar(50) CHARACTER SET utf8 COLLATE utf8_bin DEFAULT NULL,
  `res_type` varchar(50) CHARACTER SET utf8 COLLATE utf8_bin DEFAULT NULL,
  `res_string` varchar(200) CHARACTER SET utf8 COLLATE utf8_bin DEFAULT NULL,
  `priority` int(11) DEFAULT NULL,
  `desc` varchar(200) CHARACTER SET utf8 COLLATE utf8_bin DEFAULT NULL,
  PRIMARY KEY (`id`)
) ENGINE=InnoDB DEFAULT CHARSET=latin1 ROW_FORMAT=COMPACT;

-- ----------------------------
--  Records of `resc`
-- ----------------------------
BEGIN;
INSERT INTO `resc` VALUES ('1', '', 'URL', '/admin.jsp', '1', ''), ('2', '', 'URL', '/**', '2', ''), ('3', '', 'URL', '/login.jsp*', '1', '');
COMMIT;

-- ----------------------------
--  Table structure for `resc_role`
-- ----------------------------
DROP TABLE IF EXISTS `resc_role`;
CREATE TABLE `resc_role` (
  `resc_id` int(11) NOT NULL DEFAULT '0',
  `role_id` int(11) NOT NULL DEFAULT '0',
  PRIMARY KEY (`resc_id`,`role_id`),
  KEY `fk_resc_role_role` (`role_id`),
  CONSTRAINT `fk_resc_role_resc` FOREIGN KEY (`resc_id`) REFERENCES `resc` (`id`),
  CONSTRAINT `fk_resc_role_role` FOREIGN KEY (`role_id`) REFERENCES `role` (`id`)
) ENGINE=InnoDB DEFAULT CHARSET=latin1 ROW_FORMAT=COMPACT;

-- ----------------------------
--  Records of `resc_role`
-- ----------------------------
BEGIN;
INSERT INTO `resc_role` VALUES ('1', '1'), ('2', '1'), ('2', '2'), ('3', '3');
COMMIT;

-- ----------------------------
--  Table structure for `role`
-- ----------------------------
DROP TABLE IF EXISTS `role`;
CREATE TABLE `role` (
  `id` int(11) NOT NULL,
  `name` varchar(50) CHARACTER SET utf8 COLLATE utf8_bin DEFAULT NULL,
  `desc` varchar(200) CHARACTER SET utf8 COLLATE utf8_bin DEFAULT NULL,
  PRIMARY KEY (`id`)
) ENGINE=InnoDB DEFAULT CHARSET=latin1 ROW_FORMAT=COMPACT;

-- ----------------------------
--  Records of `role`
-- ----------------------------
BEGIN;
INSERT INTO `role` VALUES ('1', 'ROLE_ADMIN', '管理员角色'), ('2', 'ROLE_USER', '用户角色'), ('3', 'IS_AUTHENTICATED_ANONYMOUSLY', 'anonymous');
COMMIT;

-- ----------------------------
--  Table structure for `users`
-- ----------------------------
DROP TABLE IF EXISTS `users`;
CREATE TABLE `users` (
  `id` int(11) NOT NULL,
  `username` varchar(50) CHARACTER SET utf8 COLLATE utf8_bin DEFAULT NULL,
  `password` varchar(50) CHARACTER SET utf8 COLLATE utf8_bin DEFAULT NULL,
  `status` int(11) DEFAULT NULL,
  `desc` varchar(200) CHARACTER SET utf8 COLLATE utf8_bin DEFAULT NULL,
  PRIMARY KEY (`id`)
) ENGINE=InnoDB DEFAULT CHARSET=latin1 ROW_FORMAT=COMPACT;

-- ----------------------------
--  Records of `users`
-- ----------------------------
BEGIN;
INSERT INTO `users` VALUES ('1', 'admin', 'ceb4f32325eda6142bd65215f4c0f371', '1', '管理员'), ('2', 'user', '47a733d60998c719cf3526ae7d106d13', '1', '用户');
COMMIT;

-- ----------------------------
--  Table structure for `users_role`
-- ----------------------------
DROP TABLE IF EXISTS `users_role`;
CREATE TABLE `users_role` (
  `user_id` int(11) NOT NULL DEFAULT '0',
  `role_id` int(11) NOT NULL DEFAULT '0',
  PRIMARY KEY (`user_id`,`role_id`),
  KEY `fk_users_role_role` (`role_id`),
  CONSTRAINT `fk_users_role_role` FOREIGN KEY (`role_id`) REFERENCES `role` (`id`),
  CONSTRAINT `fk_users_role_users` FOREIGN KEY (`user_id`) REFERENCES `users` (`id`)
) ENGINE=InnoDB DEFAULT CHARSET=latin1 ROW_FORMAT=COMPACT;

-- ----------------------------
--  Records of `users_role`
-- ----------------------------
BEGIN;
INSERT INTO `users_role` VALUES ('1', '1'), ('1', '2'), ('2', '2');
COMMIT;

SET FOREIGN_KEY_CHECKS = 1;
